# author: Kerry Yu, Oct 2025
# CSC 656-01 Coding Project #2: Performance Analysis
Problem Size,direct,vector,indirect
8388608,0.003423,0.003288,0.037905
16777216,0.006444,0.006020,0.082299
33554432,0.012445,0.012054,0.173141
67108864,0.022739,0.023649,0.355325
134217728,0.043734,0.045300,0.720634
268435456,0.085879,0.087484,1.452221