# author: Kerry Yu, Oct 2025
# CSC 656-01 Coding Project #2: Performance Analysis
Problem Size,direct,vector,indirect
8388608,0.002402,0.003288,0.037905
16777216,0.004796,0.006020,0.082299
33554432,0.009574,0.012054,0.173141
67108864,0.019128,0.023649,0.355325
134217728,0.038243,0.045300,0.720634
268435456,0.076432,0.087484,1.452221